0,1,2,3,4,5,6,7,8,9,10,11
-47.51176848391795,-0.9330144627323559,0.1644038085275762,0.5298790447470381,0.5361773839654409,0.18546758967025662,0.20340655637138913,0.3229787387567157,0.046272833478045686,0.230141516539433,0.17892846808929766,0.25969165793008314
-46.815989420492365,-0.8195762492389914,0.12420427152496516,0.6246329887462372,0.40250055443673716,0.4006729563170896,0.26976458508506806,0.3646616770841814,0.07370247595159904,0.3798108332924997,-0.15870589326784892,0.3903249288014195
-47.011698721360126,-0.782845951334481,0.05257467018008781,0.5814253263310841,0.03288969513837517,0.3017189070574453,0.20219529498980093,0.26564292057176514,0.15517680100263417,0.04441191719328774,0.08945313350167211,0.33733599680007786
-47.183645637186515,-1.0206552675031133,-0.09491866567845822,0.4132346853167309,0.28491918398138627,0.3840179704560657,0.13173570395972134,0.054272175395338754,0.3773013728580672,0.01699529524019734,-0.18936970936571312,-0.07995046461298504
-47.173263210358876,-1.0272675130452513,-0.009931803764051988,0.2927241037765653,0.18484579609305649,0.33235500689321584,0.0293995715293644,0.14488692942457754,0.17145725049199684,0.042086199610299795,-0.20215689913971352,-0.03341804586440155
-47.13601695986211,-0.9252295848033423,-0.24046177601988997,0.23508990604883612,0.060711896766368456,0.5073063043672541,0.06943759780133463,0.2546504648104125,0.3327443882000657,0.12858822115378332,0.06985750278099366,0.06998449679806878
-47.203290515123626,-0.9504631758992238,0.3781332166310162,0.28282994081469026,0.13515482069466636,0.413219223259654,0.05618838049772785,0.24301425752187836,0.2682528788029537,0.4159016971988281,0.12204851442967898,0.36679395971556095
-46.74720253155673,-0.828972148386889,0.11548326072727821,0.7485979603217431,0.4109729287702997,0.31178443833074493,0.049541843616896036,0.18510239394344932,0.2664363602817603,0.19611205222771305,0.16625604728694815,0.02016648051459481
-47.410412982653604,-0.9464077874057766,0.05438582560369379,0.19946469652581827,0.5657168283110532,0.20542084489798862,0.44054140895898675,-0.025787137926857114,0.04818851111359944,0.3870764305932034,0.06499049339705917,0.2732437853363444
-47.529830819562015,-0.6626694571617084,0.07243782324614932,0.3894542650528926,0.49002126317136774,0.0581947541412974,0.024791548809764502,-0.09914431181078176,-0.20515901376018614,0.16370803039404241,0.1288127927332959,0.21848409301454103
-47.295807580734014,-0.8334328535552977,0.14826901468649312,0.3529214263065005,0.511137924318855,0.28399834701697707,0.5662851117923766,0.34080992612278777,-0.09713071434657644,0.32889341841866726,-0.016140287193370746,0.23853308983866875
-46.848101967629106,-0.5732259460756564,0.07302376661615945,0.3440592415982318,0.3393808649207042,0.03489992369865378,0.17592789220010502,0.14947053906211136,0.04246605899886621,0.44329844170630467,0.17828765276102876,0.15757179434508034
-47.23010319574183,-1.217700905461246,0.007837752820146413,0.16540058021227644,0.10508760483159618,0.1397299464637811,0.23102908757836765,0.3800906281677603,-0.11013392703588956,0.04048145591890992,0.12039598403408777,0.087524262281297
-47.43604219829033,-1.0796421938365415,-0.26344688505557173,0.08760275507027766,0.42454240781540614,0.03317290449712268,0.13750030482892522,0.08187964984507562,-0.07854048636966651,-0.0030757670439274937,0.02614513620931706,0.12727319082580513
-47.2905548870641,-1.2634082585913269,0.25150504105589183,0.4670042100589467,0.19539038162500527,0.3352670616965319,0.31761934032378064,0.2060832136632698,0.12056594613670239,0.3134623326655168,0.2565565269689461,-0.07596330744152963
-47.29212832502473,-0.746158997881891,-0.23086635283265228,0.6783495847498939,0.0162364441042583,0.4511832691892578,0.3730251118228196,0.33735522569137266,0.1305941680612231,0.07457844211939058,0.20369847343867306,0.18699669946674635
-47.0355699833313,-1.0263379862676703,0.00769904675931514,0.09325177580316085,0.20768458936792067,0.3866763059493771,-0.0328016702057586,0.20145634586574154,0.0670964212496829,0.20022734872399908,0.015564012576207369,0.16089453457959288
-47.41119534404111,-1.2291487412166884,0.2371827543153186,0.44150590486492014,0.5440354864306074,0.062367188801295555,0.0899454908236054,0.049196313777212446,0.08070091273020441,0.22556651705146435,0.38123509444819415,0.03433119384679323
-47.338307907955034,-1.1070351750878347,0.061398795603165204,0.6032292076392745,0.39122750764305203,0.24325929986147654,0.14280706960280717,-0.07725957482278287,0.011979817475185256,0.24129266282231554,0.1349377218592219,0.0892215898703434
-47.20245209597875,-0.9768948246613658,0.044029987435031295,0.2965379453222533,0.33326250310725003,0.41203123675565273,0.21461713508771135,0.3438314023412803,0.0740863466637479,0.13950552576947917,-0.1766833704517307,0.08194280620958092
-47.280524332920585,-1.137878033965542,0.2604163856359222,0.38108141695614994,0.49552498800866607,0.33118139919165046,0.24010053220546762,0.3452439160329249,0.03455178110453594,0.3038449617597663,-0.21424031825155399,0.12816398755981026
-47.33087848843733,-0.9120313518322705,0.25607925841290213,0.6203129916467827,0.4559960917039896,0.2803200189300684,0.3067419012443198,0.5640146349638715,0.21607150483604132,0.19729165389595776,0.15733784461359993,0.09939178188516656
-47.11809910687758,-0.9206520641549805,0.018706313262542885,0.46744150410736984,0.43859455849118856,0.4732079643715467,0.5167266288088577,0.4411244828738687,0.02473246973079577,0.36069353458913417,-0.03849306199350068,0.2836204303048329
-47.33106428046158,-0.6576379108878208,0.25317862323715135,0.48671000610838944,0.43093710307367855,0.4368233419988141,0.3425800179227987,0.06799807393962175,0.3566050441246171,0.10343323652485072,0.183675967073156,-0.029779656749870473
-47.326641174470716,-1.0842365468155366,0.013701039136889914,0.4444134827731716,0.22335234834553291,0.11498295159560214,0.16890082331878653,0.049475650231472684,-0.004803585721523118,-0.007058150652430553,-0.02501627111645516,-0.06266757365728634
-46.988544348131754,-1.005137659885881,-0.039754002226492086,0.2728847983344948,0.21560671025933195,0.1981983258474207,0.23571615827168052,0.2789585511223568,0.43403048309733594,0.3129405800632205,-0.08634201574276211,-0.05107406997202946
-47.21485827543953,-1.0353683337703379,0.4074669791142166,0.4191933283461842,0.17878526301114842,0.35769932161972573,0.25693102824975467,0.292366957465649,-0.10288793064243297,-0.0009574184733287861,0.28834383545763004,-0.005930074191051508
-46.569785248742306,-0.8507861654277669,-0.23949556978817382,0.1471487400885638,0.23835853987515054,0.3359478033804296,-0.2556103517187667,0.3132854285696066,-0.0684043079394146,0.20667431232565675,-0.033282983261499685,0.13461572150040574
-41.2600770029284,-0.32768796366457065,-0.7293797912895663,-0.2817356609709188,-0.2514907568011485,0.19773757364308314,0.01052924987062527,0.66010980223057,-0.2142221664745557,0.4401875333063838,-0.1301789642910175,0.3973140984174435
-44.47588295457153,0.16096789483148197,-0.9018926430138071,-1.0087364974135422,-0.6663837174901461,0.291191914300114,0.35939435220863103,0.6331736316441594,0.07330903468247324,0.423369996293555,0.11825874264386159,0.10475762975738814
-47.18327175685428,-0.5242938191818457,0.29902802834289205,0.3798360895205336,0.39967959261816355,0.6470047060284504,0.3986593597873671,0.10246465874560415,0.13348702252675934,0.36024320753115124,-0.0348125876999772,0.014551709170561061
-44.60794088056331,0.13090671633354622,-1.638277764679755,-1.3998235060490667,0.19895779361857294,0.5323529869547592,-0.043665719000121506,0.7784955267708855,0.44489572877402817,0.5647583029287258,-0.011942333507601143,0.5776174480342278
-46.85251405890837,-0.8310100504055556,0.17689660388458756,0.2726720910174616,0.10083192974838089,0.4291083787237421,0.10691927198650625,0.5421121778936249,0.0728544016261354,-0.09540719790545801,-0.17209560064236606,0.12288348396804075
-45.906235890839646,0.0651061432832157,-0.0015723660380283526,-0.04821564943618464,0.0995344560523567,0.4775685232819505,0.2650469497361439,0.025500139608526262,0.03289747194537395,0.09660611549003606,0.21407472007979939,0.06300254329106536
-44.31016303341706,-0.05861868592824214,-0.7607140552489826,-0.3943583588152314,0.48338038435884423,0.8491245964768452,0.27199846583347514,-0.30663072918455003,-0.3724706434174816,0.04983869404618907,0.4974923428848823,0.5996953019145412
-42.14317624543039,-2.022314926252874,-1.1405413019466581,1.5759770932290005,-1.3948334274198668,0.2955061454515909,-0.13384795349060696,-0.555348316871195,0.6472024882261023,0.4781306910267506,0.7910266387211408,0.3817642788517613
-43.00462542495366,-1.2923557472601657,-1.357378506551474,0.6639134440942243,0.5833282540826343,0.07825078127515081,-1.2288169276384848,0.4782355461775548,0.13481447047226136,-0.16040724337590845,-0.028494213204266153,0.5797009155932289
-43.808209365549146,-1.374463404415054,-1.2647943953158567,0.6699370103150197,0.5273764654487585,-0.36843132388882294,-1.1953407669862757,0.28906348544134153,-0.1357822204525603,0.13962646046217958,0.038231904922458766,0.4474824624926332
-45.8576294366083,-1.336709993181885,-0.05686844036816523,1.0147959237612183,-0.31765767809330847,-0.1194781077000062,0.4149900706647699,-0.4762640236417829,0.18650957941235202,0.3201540745726649,-0.05027779165851928,0.23171096643764882
-45.71485520999974,-0.8325529158268964,0.7373952001516323,0.7148399858953887,-0.08605942378523815,0.15555578155687957,0.22566172784721472,-0.5349905016998443,-0.18052249156748645,0.32392269898387815,-0.09904856262900828,0.25548385858530365
-45.828181414391764,0.3808922475100656,0.9371554658757817,0.6508096185388825,0.09650018110645608,-0.07826014869499406,-0.5449899135847558,-0.6205286892734465,-0.31710358985080145,-0.014430778898658014,-0.0444511852879536,0.2005634174856682
-45.84084535847554,0.42604297309394734,0.6064712452584582,0.5760660370315277,0.008696840625318232,-0.24815728308590113,-0.36029861793293505,-0.48783055869919967,-0.16253810349394918,0.18107838974960577,-0.0522845789421028,0.22263334276633612
-44.381100086567116,0.6811519213556831,0.6069132949339043,0.7394822800793612,-0.08214494768295351,-0.08924370694603793,-0.6586748350550196,-0.4608064858294637,-0.12691064368616914,0.016282018697862333,0.12923964015099593,0.27953466601663
-44.63850309877777,1.310601680357605,0.7084696703680351,0.27590621373962876,-0.09532271773342307,-0.3329537424691495,-0.5624943140603719,-0.6853535603176393,-0.22022627429473937,0.2582243741482849,0.04903474083317891,0.010148960879810237
-44.731662119170075,1.509288032058291,1.1881546875725613,0.6008049005431652,0.25067420413873936,-0.10659080218052233,-0.9576125757969887,-0.41337048470758075,-0.17565375202442676,0.4100061997799751,0.32710057002534937,0.3002459896728292
-44.622844338992884,1.891455343559703,1.1251593685589594,0.5594527222792534,0.30325497324840867,-0.3566359286510004,-0.4861200535487469,-0.7592498262616768,-0.3000875592682375,0.3008974299757253,0.054052094617509885,0.20958535771625336
-44.5790671657533,1.2120797434980686,1.0112489150622936,0.5076746870477817,-0.023167287568524514,-0.10364496458616311,-0.1890614155238641,-0.4003145787001884,-0.02462767837020665,0.16525377909955416,0.309806533489015,0.38666878739182464
-44.25575312322682,1.9598412696924312,0.9769222336926259,0.4996538285776552,0.04952598554561814,0.07588757623917192,-0.5541400300426413,-0.9212530477276355,-0.18247961784638442,0.20487608617158093,0.2460585265530939,0.22629257194727614
-44.52945116724102,1.8975789871349835,0.7784156981327168,0.10660602102552198,0.11533861633680559,-0.20166644669203054,-0.8743633089143208,-0.40951943187489664,-0.13712707767677948,0.17630155902514516,0.22801380756664016,0.1960527598667801
-44.80627332851259,1.5190680639809857,0.807623712217397,0.29356119316931856,0.0919140719427753,-0.3040103079911271,-0.45607537017692934,-0.6719394910374432,-0.10468032730720002,0.3279003701426448,0.13502293640839652,-0.18046309633923868
-41.75217062179416,0.21060982706608095,-0.3085902336741204,0.9411257154025613,-0.7085293315788708,0.028847354388251957,0.011196907715026967,-0.44336594501015114,0.20833271653759386,-0.09894780494260451,-0.20920857726032405,0.012267253954981253
-43.026993235216395,0.426178283195608,-0.14553189262407618,0.8059945992120379,-0.8079895241983818,0.1494401369448669,-0.03836418045143188,-0.42706257693383637,0.2972633224314343,-0.200085182557046,-0.030671271931214012,-0.08724503442526658
-44.743270452340276,1.178470016531774,0.9126184610907431,0.5543279531462865,0.18141421159062776,-0.18533438531501295,-0.3441543772958088,-0.2572249501716512,-0.051371538825096985,0.45828709701331716,0.232198567685725,-0.039870850407476593
-45.303022626176016,0.9608412070530461,0.9937270301579326,0.6254329933411551,0.14801369150779303,-0.08875049807002693,-0.22807130502981038,0.016582217042476664,-0.18955504361847594,-0.07092474245332192,0.000470152802700494,0.13335434061473478
-45.577166358693425,0.46235961328890113,0.6867719202929684,0.7845917703372367,0.15272335523647124,0.13340854487286877,0.016282115078981807,-0.18604333316901403,-0.22407418772452115,0.03954411647310105,0.10664569228607466,0.2612507026519032
-45.477044120707845,0.16497248537396297,0.4610605674428113,0.4078766830391781,0.18865485265360624,0.14741280038021906,-0.02594999218606625,-0.2527685895339608,-0.10872598125856832,0.221170226128596,-0.018864908826959792,0.18282959983011665
-45.329457141744186,-0.7781805289038264,0.5798070822048444,0.6825261167632657,0.2949042591255801,0.2215711775843998,-0.15373473245985855,0.22912808661781459,-0.1689323714070008,0.5822677417784223,0.0904771481195115,-0.052150515269351994
-46.32865902040736,-0.21246702801923772,0.23744045545147227,0.5144547919218866,0.21541912403946345,0.1159274478933934,-0.030471857293179902,0.38410086992398973,0.24819117012458886,0.23575364535966392,-0.11133666200344634,-0.185155432093693
-46.48945477530055,-0.7713885402190813,0.055299825724043405,0.25042973207883285,0.27230166731711203,0.5700581418941426,0.1828139119999437,0.29791635751378054,-0.2676910880126724,0.2836524411669705,-0.0761757589663427,0.2001448128900877
-46.78005888055038,-0.9918080440634359,0.257454374768207,0.5687712383485581,0.06362616152538783,0.12669869636628095,0.0999730990830657,0.34376914733043185,0.03956817600794384,-0.026962267509537438,0.08938232571215332,0.17100512327084172
-45.84085987322141,-1.6396689291107647,0.10887716812322842,0.7593504417171434,0.04944038315065257,-0.10242460962138189,0.37520680742778806,-0.07560559642360029,0.16308834079036694,0.3007946423636797,0.09188297718272437,0.31584925779929096
-46.11149376939909,-1.0184563859404487,0.2612980946861668,0.6895403264242119,0.45930041034661956,0.3328989220741422,-0.0073477300365797395,0.17501460022810003,0.05388507092040501,0.3454370716731233,0.12700488547764188,0.27815340078128215
-44.60938785250116,0.9988078242459772,0.6606847562386026,0.6242199480836027,0.20021232384692056,0.3418484058890776,-0.46628413599301605,-0.6308858564928126,-0.21189083148183402,-0.14941538871728094,0.010860419824088878,0.15588626961573354
-37.6908614749193,-3.1721575944326483,-0.5516230260522577,1.4958712967421193,0.11502476266346576,-1.0915929246181797,-0.23896696817108543,-0.1277163234032641,-0.35791149170442216,0.12075491323562305,0.36134222056236814,-0.21514082670717738
-39.14901567774379,-3.2847959134271454,-0.7327312167490239,1.2431018730887244,0.15159960509399922,-0.8404339604769642,0.1619791955805759,-0.19349450787990902,-0.1573198358047225,0.1647896909134348,0.45323646602417844,-0.02489234122463388
-38.07168438604082,-4.081659505833361,-0.5214207630884038,1.13620114531565,0.5279801937602868,-0.19448254085962902,0.13028909687578583,-0.3876792648254094,-0.2195953410511301,0.30332676784054113,0.31645271076767933,0.4366467362857436
-31.11052299170515,2.7666971190814236,0.18994011872981564,0.6540889203277239,-0.298946295033266,1.407647094693576,-0.0228706326003848,-1.226632021493272,0.2922610769776039,0.48615408042362823,-0.5964575146221274,0.2191133594960734
-34.53515630337408,2.4219064427724413,0.3513485784824485,0.8676256617979805,-0.1910623012763315,1.5264263613262075,-0.19048160901677436,-1.1431348571109945,0.2043261350399561,0.4357480698962847,-0.7681482070717748,0.4659702920882044
-35.97621351565044,1.6743686881481434,0.8226692409344133,1.39896762105047,0.23916555565538677,1.024052940273,0.006306266244933835,-1.1065410585262714,0.23479728287019994,0.6093899131861935,-0.2888352414984875,0.6610873252590226
-32.90136003902342,0.570410835527138,0.7188581866889147,0.46122601594474677,0.02870020351501122,0.8860116354101925,0.10406939788032682,-0.695791413871031,0.010499255417838305,0.512639102761761,-0.32733501826378575,0.5103528099421768
-27.8649282160741,1.3356193319733016,0.3895798935835785,0.33735350378433837,-0.17124642141935376,1.0525718985498573,-0.113025477589877,-0.8117631517854453,-0.039063625307554695,0.35798646929242695,-0.4879400875119573,0.40214123921792544
-21.543410227682898,2.6797203457746184,-0.01581559461154193,0.14667934464311935,-0.5941437621575549,1.767653151878335,-0.7738639213575317,-1.1164747183691843,0.1860857450921759,0.38361464030675807,-0.7394489277913322,0.2979935326753542
-19.733605455546567,2.9538285073118544,-0.33028609243441964,0.3638467361057856,-0.5734795256696824,1.3357581429132672,-0.5717076843833513,-1.0200071551055476,-0.13926692463595464,0.7608457268141783,-0.9824108069287425,0.2824631705687911
-19.507668574317517,3.1489742862696506,-0.6146959973170907,0.7254337054776775,-0.9025095945216931,0.7202501191007006,-0.3561710703811789,-0.9557696230619316,-0.4560662419637575,0.9462973655735298,-0.9250234272701694,-0.2794642302384384
-19.90761922888377,3.5409652136992307,-0.47567976424210334,0.9123365513590358,-1.2410140641581833,0.44523457409118694,-0.35397838484364635,-0.8180895212223293,-0.955628825158295,1.0136356216588873,-1.022267889023935,-0.5322639483642123
-20.473519775564835,3.6829068246393772,-0.20253885817903738,0.9384658256384417,-1.3247596974870959,0.13393843091264312,-0.14710117132509984,-0.7250530519708912,-1.0257911867120417,0.8822630636015402,-1.1879006679430328,-0.46781586042363654
-23.20952060999753,3.880305749546485,-0.12130451968793568,0.8750398372749678,-1.014580622622705,0.004924165621487647,-0.18539622437204287,-0.5946735769193718,-0.9897090198609398,0.9337208290192665,-1.180061690257812,-0.571072261973925
-24.8615829888025,3.621750108645509,-0.21213588862888896,1.1158388335395089,-0.18444922786724846,0.12669592031444527,0.0612158673820854,-0.9403121192642645,-0.5331722475895425,0.8647516709735598,-0.9201851581891879,-0.6304400622811227
-25.564599267219318,3.4102802786752506,-0.4357026963631475,0.9944250859911612,0.04146943410205722,0.31915950056536624,0.21754141913028915,-1.2578041496329675,-0.06524387978733265,1.0440908421146424,-0.7597511884834293,-0.37523223024227326
-24.467283535415113,3.253562277251849,-0.4984462687707267,0.9330474132278939,0.3651246964722026,0.4155038890015219,-0.40045980490805433,-1.3843339969215829,-0.1102825795606237,1.09271611564877,-0.35274427851907647,0.19429365717758718
-25.184396627334003,4.197152102712125,0.3385257648914009,-1.29811727916347,-0.06468107665800765,0.9950720801172223,-0.04881657072537768,-1.1858842029002201,-0.15503277444294378,1.0083132909057262,-0.4347441140627369,0.7029053788696953
-28.523919165324653,4.6394227943778565,0.26073024764652497,-0.8906831678779583,0.16541064283067983,0.8377673213886593,-0.34257338413821564,-0.675222669845071,0.23333902467170456,0.6694548090499932,-0.5705791690724479,0.8855995762728173
-29.357964525775145,3.879204955303405,0.34379458871608054,-0.7017595833326866,0.23035556627043963,0.453389485181912,0.14592122161746907,0.1299305549219087,0.5794310591076146,0.44566592639778024,-0.9412430470272578,1.1677637700517953
-29.330807073399434,3.404518438037401,0.8265433224612982,-0.18987513079361806,0.13011385604964054,0.19425489184657374,0.5282182561353189,-0.03537318067469192,0.19557899597360484,0.5726533828771985,-1.1674005256780178,1.207443751727862
-31.1502810939939,4.0512815049020166,0.36237478324123085,0.4404713095082361,0.34410218522342284,0.29391348299459497,0.7920387129987593,0.04701803046208472,-0.15902311419960127,0.24259391608915826,-1.604515383112408,1.4859182005832565
-32.22410988143409,3.0078151863307045,1.0377971443121483,0.4942146222364908,0.4070948598223214,0.23648734113695852,0.5806255321173757,0.6712852533401342,-0.3921435638090486,0.18443551240558065,-0.8237183981464795,0.35703537002164165
-31.97614692859681,1.3488485114941935,0.8787978228436901,-0.04126558939556729,0.08826480192106022,0.4833771120587549,0.2809903068536422,0.40703528721323534,-0.06535229600329623,0.2133343157259618,-0.17087353311813827,0.18108494845062378
-30.810475355882,-1.118188296944035,-0.503685059078866,-0.20311851735585992,0.6845817629119199,0.8162402557499179,0.471646132904405,0.5184288089709375,-0.15779003039527728,0.30157496398616457,0.04082074602669687,0.1592973928172148
-28.757638455779546,-1.4228849141402309,-1.285696235492931,-0.9737471144868322,-0.01695423793912393,0.3542965979388799,-0.2628837962868914,0.11541875558456649,0.025556123096726682,0.3067738775532214,0.2626645202200871,0.2766425372719572
-26.884800222431032,1.8997343941559601,0.9451213906956316,-0.9251962661712734,-0.15491808534680185,0.6243118716821512,-0.3988662279794619,-0.21527901793295398,-0.038924399243996766,0.2535001723219006,0.2323806451463017,0.26828618463077714
-23.758558778026075,4.164375653214976,0.7812489413441426,-1.4324281122093718,-0.11149184620424502,1.0071483536909025,-0.32905772524182664,-0.8487618028737025,0.23599145309054026,0.9853930047146642,-0.41569826918788405,0.6152824729740545
-22.138057547779297,3.8648567069254014,0.5016745142419377,-1.2556833171063304,0.09671364656071332,0.8878719978217285,-0.44460969985404486,-0.6828892239427755,0.3415164963930538,0.8438100316712897,-0.19073873088238483,0.6000262232090358
-21.380561716634563,3.2185490288610765,0.34337095007316165,-1.1698508627158728,-0.1409673297537765,0.7189369457641129,-0.30640538508304305,-0.6575415650949801,0.7322991700058228,0.6502105846085282,-0.33102159848050117,0.5925234826015213
-22.56278333711075,2.5500341084870453,0.20803464632620491,-0.7447477183661191,-0.3634402803514028,0.6041767410711569,-0.1805834950069656,-0.41656590003259586,0.5589832862718902,0.27456570671791736,-0.18753893904656502,0.6478400941996136
-25.329735090030216,1.9273655690415363,0.5933702970304335,-0.31202372150970104,-0.23143727438130623,0.17217822686257264,-0.26292078743167063,0.09790955305737196,0.1465598742899931,0.2652935126366344,0.048752400483740424,0.6432129285604862
-25.45446092787152,-1.1881016365716854,0.6391863524768329,0.2531709661426158,-0.3168940574057928,-0.037106859581396034,0.09417866434500777,0.261141752947878,0.200211961854658,0.30644691436142224,0.08271066544403334,0.619961974993903
-23.453272309431636,-4.723938118574617,-0.7777899838470755,0.056205733836295006,-0.2213709094221514,0.025147178155527916,-0.16214637217546815,-0.1385085085763476,-0.004392586029385099,-0.15317468001282591,0.07880663438104246,0.02047605993800168
-22.978454227700595,-6.8520499747380565,-0.49998900927477363,-0.43461021624252905,-0.4827644345505966,-0.5576245699168496,-0.42923790853009697,0.031956669127832134,-0.6129323314706446,-0.05730993899539852,-0.03508249804192905,0.3707423362460468
-23.351175345096504,-7.098871678227143,0.24565448029178644,-0.28806397791188,-0.8311869267226011,-0.3919135654874064,-0.4859313731139265,0.02671750004688526,-0.3101620510987753,-0.08974896133163668,-0.44145861324471986,0.12441908216909042
-23.183568782978814,-6.855442521391838,-0.3129423247998224,0.05910503103499971,-1.4660108164542334,0.011784643687528754,-0.04713563250615212,-0.5527951241231277,-0.010102539071143751,0.18078303565252718,-0.16119622492611643,-0.20272848851547065
-23.850022613702752,-4.8188865779508365,-0.611542286314648,1.6536098805791193,-0.025451869753648017,-0.214970808875131,0.7020577590404656,-0.383252278163271,0.14690801201852585,0.40289806512235404,0.05408168212137716,0.2511212887523949
-32.63694828512384,-1.4488733634958706,-1.082219354547965,0.6474196067982898,0.17574004936944237,0.37978867530198035,0.13793050263407802,-0.08551797842373343,0.3637969141817944,0.3488785770705753,0.0953322966793979,0.36038637740534846
-32.48386907247305,1.4156862546274656,0.25497801857338886,0.4214511136459897,0.5639442218299364,-0.08553854602158467,0.13873518085794087,-0.07382452778865124,-0.3401546461885896,0.252001581340104,-0.3422206449480784,-0.6944308630232493
-29.63145471495941,4.01617109347122,0.7618819775071087,-0.33682184759264866,0.20200826305926567,0.4557768387397795,0.10626028337304841,-0.02112395640052496,-0.6610178745544397,0.7215477756898355,-0.009008854826544389,-0.17897567885612586
-26.681760766127386,5.200911690755241,-0.34625677401614474,-0.7420836518776035,0.3213519293900829,0.8564136080680425,-0.12139655982451325,-0.34160439480442206,-0.638453010335626,0.8436823187025582,0.1289129470757537,-0.20550109061812472
-27.493608866670474,5.548427801939933,-0.20157508211143704,-0.2692370711508566,0.6661677171137879,0.4683053884143381,-0.4083680791414219,0.46976100672731697,-0.8136954148674002,0.4700229994872608,0.2477707064485915,-0.06683823919925216
-30.619764046167578,5.961776947223855,1.2995883491171212,-1.4316586885372713,0.026763684065590765,0.8700288042087044,-0.40003958690492825,0.0024197940435545517,0.06239823354588758,0.20105278167030502,-0.25717310920641184,0.029188780263886743
-28.023191261150732,0.8334584485781251,1.525717604058972,0.1415095201405053,-0.9345710027689359,0.70388400232347,0.7875455878459281,0.590714594032884,-0.18088974882267433,0.45199641552732245,-0.25734359306670856,0.10645543217689463
-29.316399737235987,-0.31677061315705635,1.9036134819698614,0.6259202044271083,-1.1091670974597179,0.679346016072769,0.9362203566433694,0.602904055913479,-0.3117758312723834,0.6180623615758007,-0.18917742769152163,0.06817764619435668
-31.662393703909338,2.3090776086198956,1.5457213619228884,-0.48571839766311625,-0.401264834988895,0.8088155455510722,-0.02421346637480974,0.19522796860144975,-0.03113151580236556,0.7987229375637961,-0.4717422267599348,-0.2036817807107883
-26.899677470408424,0.9741507027017962,-0.3483967954648614,0.11306256121461036,-0.4598566963655433,0.7337358580381981,0.08544203968452418,-0.7786473960483746,-0.022929842537015382,0.9987904602601112,0.15666245731319386,0.0363299440582972
-27.394616640320212,1.2163722065001932,-0.44985361558387743,0.22385862320252006,0.05803061888942192,-0.0743856633321478,-0.6950470991475459,-0.6806274183295247,0.03834015723921955,0.9315355191312182,-0.053588465137707986,-0.05563631076106973
-27.404209774597014,0.7536891459211847,-0.8292027942477365,0.24156946100413543,-0.052765826337308946,0.2531003831134321,-0.6335602293862916,-0.5567241600886088,0.2159883756958108,1.2705349551700524,-0.0713021297857363,-0.05699501922316563
-27.41578315534317,0.8258714744236253,-0.13644043649606757,0.08420892213872115,-0.26443764090167166,-0.1966321514016531,-0.6156210064105316,-0.12830442029949013,-0.07983266296173067,1.2932033986858091,-0.2599524467375186,0.3502156160398078
-28.33631602030263,0.7043572273531918,0.7440194165859878,0.5666561022084643,-0.2239069097800048,0.18594552289493377,-0.7116490932169379,-0.009163901564878257,0.16977286383192652,0.9281060392296506,-0.8086386717944439,0.36910946258219346
-29.511501904291613,-0.1299449235793471,0.8371574975238807,0.9353646334204451,0.10931981198952853,0.5098237066717719,-0.07596224314701447,0.36996110623763834,0.1948450914216034,0.7352183963984036,-0.8415292217786167,0.23474458184548158
-28.4836566012687,-2.388175591130982,0.33568514200662863,1.2552218326864573,0.106844553796269,0.46976258767484613,-0.12330892143217612,0.3914214239229187,0.6417643448206306,0.5225798413387797,0.08701546138255993,0.2209119326988867
-28.370210205076287,-4.106255656470077,0.07285006272298374,1.1486655461820703,0.24013095622569489,0.9094515210078583,-0.06147702333902378,0.3380563339375685,0.5337996704636117,0.45652802693528016,0.11793302072288653,0.12751321774138635
-28.059663652769917,-2.628767812227341,-0.020455200911855573,0.814439854297403,-0.520465240307595,0.4698816781023597,0.22099878576935605,0.08393176966159845,0.5145831447629642,0.352815306542575,0.27878214241791344,0.44908060266738525
-32.010047398711855,0.42738097349114024,1.3674817324482422,0.8724454250802705,-0.20924587489355398,0.8471980337884075,0.00806221922520636,0.5826859202655684,0.1116456309036773,0.25424553985970877,0.03742115134872969,-0.12784496796206787
-32.348007772013005,3.2183318364878457,1.8765355349598773,-0.34607669968420285,-0.15761322572396536,0.05777281617159014,0.7568096248181142,0.9614026724168534,-0.34583475779852746,0.5907051994666039,-1.0876348258970543,0.7108718830686425
-30.698197784947165,3.209917997659275,1.4485250170935748,-0.8480654917670467,0.369837642433775,0.25684050477348114,0.05800618026291321,0.7747715785226185,0.33277362285228895,0.5787910424186955,-1.3847655528200882,0.6486282700917587
-26.9488810891118,3.6942313208145157,0.23279785472961034,-0.8599973614409377,1.3397985586141297,0.3027808824194801,-0.9072257133339157,0.05323349215909787,0.28258578949770646,0.6967429212182983,-0.5566999633655093,0.013096896450602025
-25.318208746056207,4.212129131195502,0.454352492392002,-0.8314600624908263,0.6790292849706526,0.9776599591772753,-0.620181066017466,-0.3643452891027993,0.029458833697707798,0.7301502639453932,-0.3264400774431293,0.026629941645914312
-25.546705489214375,4.437526249663394,0.3909376753746936,-0.6782964015039357,-0.04655673517377468,1.1510336016789622,-0.15058761348967578,-0.4687686743918942,-0.1837492540409067,0.9226318848795637,-0.3935353999304788,0.20133881188191094
-25.464889049271267,4.565543263265306,0.4981532057565597,-1.091738731529542,-0.04957511321139657,1.175048500226695,0.02295961209973002,-0.6668544557170901,-0.13204604651410184,1.284212387996705,-0.6859775220154904,0.4463022978246974
-24.982286773648482,4.278370086978096,0.6596911112270676,-1.1339507555093762,-0.19312678900857733,1.184539331091583,0.19018198629311883,-0.6954447781427495,0.045797898787376584,1.2215467612103705,-0.5062119370840579,0.46140873069974453
-25.649561027154068,4.428889059336837,0.9603325238612002,-1.4258639745090131,-0.42998538777071604,1.3155356977144854,0.13423378202713426,-0.6072739936874043,0.04352909399064067,1.3157222940696283,-0.37626984625785637,0.36577824094166134
-27.125882439673155,4.295507262095384,1.156258413767776,-1.8547405237855055,-0.37377441266931993,1.0774959056209181,0.2723171980532556,-0.8828075449851104,0.21276074530123537,1.1709697068395855,-0.3946588723071545,0.7132909218817498
-31.0653581299175,3.7834953734306485,1.2861648913216814,-1.588115408890774,-0.37500474318492594,1.172807885347944,0.18689665768664104,-0.8354686194514915,-0.15732667093166464,0.8814251900032337,-0.057886272556855134,0.5704844367695028
-42.59021740757678,3.1761178754748784,1.3113002205926905,0.17404678630488954,0.15671996868725746,0.9282569570779308,0.45187694252580834,0.3103987926933323,0.12208426903991257,0.5681090119855178,0.5013926038808662,0.5070320425903162
-46.44457171177861,0.35792198289293103,1.1163257922541674,1.1032381146107104,0.9945795664575692,1.2709680739351352,0.8258943689439241,1.0318732254761944,0.6036077696043992,0.6259450449202454,0.6524337123340929,0.5420575088948568
-34.894730157096234,2.1029668172859344,-0.4706302754046105,-0.5322051304749624,0.2711332871553875,0.31162629197348307,-0.35495773844256295,0.16830722019969943,-0.04136385282391484,0.7075801332441147,0.5777659010023648,0.13096453512783301
-29.259918236670256,5.00507611866975,0.3358627885984663,-2.4476125532442063,-0.02209209233473527,1.0361846099448104,0.47735513853880385,0.12286673358062104,0.7791138126942073,1.5278897958834325,-0.10775266557615927,0.5447627927207302
-27.07143441036117,4.884262615361358,-0.10307847941360057,-2.6999829219177065,0.5904386787189182,1.1271075418083978,0.5795572081928085,0.0549007013984346,0.7144420953107103,0.8352687488050181,0.042607329377552586,0.0870372127487451
-28.70945136534499,5.161025783646403,0.09306695126859049,-2.964610296028108,1.5720784748513945,1.7104746223746972,0.13648979584422116,-0.1406947230957627,0.5725321684087327,0.8710210254500208,-0.7722879909032137,0.030903348727175484
-30.437561544158438,4.928677458059123,-0.10806376105008436,-0.7326601100595419,0.5544480613852666,1.1479051247107501,-0.1248367705932129,0.02584053708034448,0.37789898334216354,0.9892635617186567,-0.7858940912717342,-0.3785120955956245
-30.07699199684041,3.9496844160219355,0.6073370566067928,-0.14588650021452232,-0.24581134425742895,0.6831311885417866,0.215283979915167,0.38645768773549,0.09085368555084511,0.5445839233597243,-1.1309782790867466,-0.03390087786327739
-31.606590301782415,3.8269497311770913,1.14157665168566,0.07357591282889447,-0.17980139218888735,0.453809101536781,0.34086106556715245,0.5784516975842777,-0.007210869948485632,0.09725798271719654,-1.0464480210404739,0.4829309791691885
-33.56548103032522,2.4586274108940964,1.64737532456118,0.5207574018191197,0.07152166343860725,0.3027399718190383,0.43265762042631795,0.6796576148053425,0.4407053159396479,-0.00917855913015575,-0.8637975284461619,0.44953557460202964
-28.77793393930733,-2.5187618764340254,1.2802588096704492,0.8330023177625101,0.38675461289566004,0.5570735446095039,-0.2058542909538877,0.11685631223978615,-0.008816998645005819,0.6570640881544241,0.05485181366814476,0.1458068220741749
-25.323275312118334,-4.619456440551222,-0.26193765403258007,1.3333885582888214,-0.20817871485671313,0.19023200731097517,-0.3693627401748589,-0.432031394447976,0.03409964293992995,0.3432798350008869,-0.36191724563734784,-0.5767443726122704
-22.926736967638515,-5.795263234670996,0.2338122719115281,1.53973165301938,-0.5265462200061228,-0.24174197487860571,-0.0150881836911784,-0.09407936139239649,0.43208760138288976,-0.2827788509197027,-0.6211762833434322,0.071425461938925
-23.664919976193186,-6.7378781411216035,-0.5242148761658958,0.40194127344982533,-0.7990207953410555,-0.3770386562333642,-0.1441450242166325,-0.3566691324632524,-0.14492389775739736,-0.09452983332872852,-0.27844978618826355,0.06509675471180157
-23.226437346276004,-6.255491055714375,-0.9420222070073881,-0.24283393541967369,-0.7574548078601594,-0.49384256878024924,-0.14416703999316613,-0.2392841437495875,-0.14802334720129817,0.3763204587885775,-0.08740924290289373,-0.15642387619962322
-23.57432531033381,-4.843259066543286,-0.588250415673456,0.07005371787411663,-0.9018854569357724,0.07415386896954851,0.03234742584197811,-0.090449047526626,-0.2585006420786453,0.3603707263818756,0.19306693747522538,-0.15771220683369824
-24.611848967549296,-3.2596127774944748,-0.8581146712024093,0.9807628644775332,-0.4124066481023474,-0.46726128586129223,-0.27941357306991393,-0.1918690540091371,0.0612375183630018,0.6561458919559181,0.44602179215577187,0.36288790648854785
-25.899173513252585,0.0552920794781349,-0.5607018026558535,0.539863699054925,-0.37279275269214485,0.0024020327692374083,0.0625308057340076,0.15490539234903072,0.46398400745706414,0.6056381769692434,0.5363107566773369,0.08766910158252755
-27.27096336630207,2.825443110332256,-0.41870749961149556,-1.0918158065707524,-0.45738406409011206,0.8421262989726102,-0.5259278591389083,0.2923127414884853,0.964523340132924,1.4423849270648783,-0.3548189321601966,0.6032064224996705
-35.18515927861751,3.212849302692705,0.11563962496656008,-1.5158702438324962,0.07281677175449229,0.7054481839159545,-0.3125423388886083,0.19985168777818796,1.2716614508104787,2.0585946257648766,-0.8075884318049161,0.4435433593639784
-45.52800083991483,0.5803189183941525,0.946271782753747,0.5642826180040745,0.3722205384952265,0.29709973825287816,0.4393663160046495,0.6784819286322885,1.2108352990770253,0.9775534809364461,0.5338973214152404,0.1878932431676918
-31.596940764462627,0.46534712810501316,-2.1930506850214915,-2.1336183594512215,0.0949357782682678,0.0276014936424318,-0.374218554678773,-0.17071825404984764,0.22138358785944082,0.04515115135418052,-0.2797442867515854,-0.1545895186629954
-26.94351099903682,0.5906787592507738,-2.211910619027403,-1.837699897060932,-0.14094764288906353,0.02727934744456132,-0.35806744781284394,-0.10047685035540926,0.18029309965067777,0.040766505610163206,-0.15746850614716615,0.182492309252059
-25.064329361554012,-1.2229423598669023,-2.521097709770496,-1.4061253576020354,-1.1900374982495818,0.7392480817319543,0.28195247053689254,0.25283733797901686,0.12440883674527423,-0.1213262860474158,-0.08603507063268698,0.3702818639258189
-25.032369497366734,-1.4273924079156615,-2.8834808113245476,-1.6763417563736676,-1.5329978601344005,0.41102701672221204,0.21089954888250628,0.2963334562671887,-0.16240563490810306,0.14120819390383968,0.05068511405941942,0.41521539915351147
-27.039891352143652,-0.6514568930984848,-2.439658012562017,-1.5642948250676492,-1.070150709326613,0.7720900510215425,0.533167073800041,0.5969145643300202,0.21179021321980385,0.3931189572153332,0.5146933731229736,0.4593862768986957
-27.10659682371532,2.9999046544315666,-0.6869063090979018,-1.8637263864435925,-0.5494138123087027,1.3417688926164089,0.6750271682800539,0.4529447934206806,0.8640483169586659,0.867109244266745,0.42816784689578347,0.33024279551829094
-25.07457053754396,3.4155681523727135,-0.06171133165657819,-2.710216620472663,-0.7170827209689747,1.7325867286611194,0.3692848196141526,0.12368782891622998,0.612422623451985,1.6554758589244813,-0.21802446734854655,0.40639658894787223
-26.260942445744604,4.643771597696455,0.8265359588365462,-2.8318494459219017,-0.7079159766863955,1.7210846620948772,-0.4070957843113608,0.2535664370960229,0.5745027225375914,1.4649257054756122,0.05082957598937624,0.5352847838892792
-26.482615457223613,4.7468143632421995,1.727590168195941,-2.9152277183774076,-0.8173325106486523,1.5516452307124866,-0.6371461343233784,0.07594477834807317,0.3447402476871986,1.5262655008452795,0.021301120920214082,0.4494495710111196
-26.180667050264205,4.88399793308317,1.8477918267498783,-2.6471579595590056,-0.5093486149049951,1.5790946713277128,-1.0349524291673258,0.02275749461572832,0.5724429080202,1.0956732615352998,0.06865971368190481,0.15526725525189644
-26.059070381179566,4.493346266647308,2.1807793525355614,-2.467277811837919,-0.21478262898869585,1.5251594341710135,-1.1073282006352732,-0.3786802446409031,0.6515909549955644,0.36856894994364553,0.19700310062078372,0.28579003530341907
-27.20208851071555,4.368031214051964,2.5677586208436454,-2.4773794232698254,0.3731784951064225,1.4071138904099987,-1.6081789911164943,-0.6849755778497129,0.5515564493091455,0.3992586791135576,-0.25428108240207864,0.4658231410889626
-27.998873703310707,4.157141588701288,2.798287080450139,-2.17446982699585,0.26130962368376937,1.3643703340461875,-1.521768858219624,-0.7581147978621312,0.6213379952848902,0.3148699101149424,-0.35392338795177986,0.3899877700751037
-28.72163759913731,4.05878176020532,3.153073407847063,-1.8454417870541349,0.25161679415412797,1.1601864435833795,-1.4293933423567755,-0.7275064252574011,0.37568995700615126,0.3675962078954187,-0.12726515193213703,0.06804078630507701
-29.779602988744966,3.984349143699741,3.4833651429627523,-1.4106634809150442,0.003209337670702417,0.8806116701738276,-1.3045189701264752,-0.5919634895290403,0.2594572719264084,0.3299446064072774,0.11096699089651003,-0.1900282524731649
-30.08496486704415,4.00117238254864,3.5227857208141184,-1.2649892581118136,-0.10648618651880168,0.8721362222946341,-1.386527241463575,-0.4420489178040119,0.21227225263043936,0.37175642451301094,0.0741200905986032,-0.25938593555992284
-30.20318005379576,3.980104134916055,3.4566429226789204,-1.1128845103811584,-0.15654154879492094,0.8233394620534406,-1.4810113663236177,-0.3573574049108349,-0.012199119488284282,0.5052254975140232,0.21220168144785462,-0.15781024025622936
-30.17133690948865,3.8798342086112987,3.7865373859048805,-1.6954543660648964,0.061234110120193794,0.6998400732970093,-1.5222509315831316,-0.5663882797947977,0.24871496223140221,0.5015215500930796,0.19909839578017124,-0.06349572856428526
-30.411099383500872,4.0720426503912215,3.4853362178096967,-1.8968617673558257,0.06978185248665908,0.7067427369090198,-1.7448217077439292,-0.34735352876575964,0.3983433173512677,0.5946679166118115,0.1568189676961879,0.19567718404307322
-31.28099876442083,4.402424663963247,3.4788593516013195,-2.3668286131389733,0.05852126053772541,0.8003536516418408,-1.8495240600806815,-0.35823360601104326,0.4850175129468427,0.5728132106331079,0.32601088055114763,0.5099151595426137
-31.144687783363757,3.223746822144973,1.432476615142075,-0.6869084536121552,-0.5304840814914882,0.06614805608603129,-1.1012168323912692,-0.024770834821917692,0.39388189970884235,0.2691808424066958,1.2425876974308536,0.771544546094917
-35.45564051781554,1.280818991618132,0.4259043049878055,-0.11332184085356026,-0.9695372532560145,0.2570965049187454,-0.8558137898237387,0.8666460157812855,0.36408741545448553,0.6481972878290306,1.3118193999235241,0.9067975574057575
-39.724419006158435,1.0254715430389099,-1.3144342318893716,-2.717696306659257,-0.40323555836296343,1.2689027703779554,0.48651985356325167,0.6529118559008824,0.34363820479777385,1.5020410470006351,0.9616754514036286,0.4989957811299828
-37.64230640325363,0.5355907909591271,-2.6015204383403634,-1.886123224256857,0.11681269565428225,0.41397397107001044,-0.6410810281174293,-0.23693389049379562,-0.13631479452011247,0.628795143028634,0.06169030913209797,0.1467770606678378
-25.123963063306025,-2.5572252318681956,-2.132603397801519,-0.14406605035246237,0.37080761011626007,1.1260167151292864,-0.6755720446000105,-0.2793502878442728,-0.09569247599649697,0.17607253705997838,0.007821293586407149,0.0036648237118633853
-24.63379510132814,-3.852313209158813,-3.296055715166987,-0.5615476499566763,0.4348677374108575,0.5399131673951088,-1.1078758500921109,-0.3569929628984758,-0.11727236327771287,0.249874579826819,0.005906013159682492,0.29825898578016913
-27.21722895840053,-2.377539550170858,-2.4026477419596493,-0.4170256865068743,-0.1994965504619245,-0.05263681142668747,-1.2097032601119628,-0.8271122949534768,-0.3249050650691184,0.4622523339254869,0.002165101784807086,0.11990023772626235
-29.436564956326883,-1.5124716425694986,-1.9210553331599698,-0.18009862769126148,-0.08567638381129358,0.3455332972118105,-0.7961878218358018,-0.8667920230954786,-0.43210088911103917,0.3247492597840552,0.06958472676445325,0.053283673304504675
-31.434904750916697,-0.2312199447626983,-1.3607928912104144,0.006177987652459124,0.6805031544350171,0.8844549983425105,-0.7507278674463602,-0.9808025306194691,-0.15470393938906296,0.5864100257020614,-0.2788776137397634,-0.16641256783848382
-39.052114047769074,2.0168811749533657,-0.5322399655455934,0.7155513198503005,1.07168181532687,0.9588252313402573,-0.7403726842645364,-0.8204370583384543,-0.30258578187272206,0.524060264048536,0.30386325401754516,-0.16185695085359486
-43.25533079069116,2.3524077734697846,0.9574686715118771,0.5079041400211125,0.7114056887606248,0.4724746202912339,-0.4660821152782269,-0.686547645638441,-0.22358299209700672,0.2652089665830224,0.2943922915469435,-0.4732400005852393
-44.86112544402623,1.4928943331823281,1.2378024519795137,0.585893764317942,0.36952481724265596,0.5435093437725185,-0.21014923417114653,-0.2363618702432347,-0.12747193101936316,-0.029314767215292303,0.30326823386006635,-0.32936730235440687
-45.945320376112385,0.16765745658944753,0.5289877003784059,0.6383623635614024,0.15584182275092867,0.40812973597320906,-0.20296395043672175,-0.11959572234573258,-0.24832462665950644,-0.09778801660724176,-0.12015440028996159,0.06027252438493955
-46.583918157226535,-0.3174034967141324,0.4678852283532263,0.8271492499671521,0.4739930332181552,0.519508913403748,0.04759300773110192,0.134506922958943,-0.02160442979733916,-0.15395143763962676,-0.05239379109975581,-0.05717152266837293
-47.28752053123467,-0.7737104461580582,0.1315129594287977,0.5980997243202212,0.2128499276102661,0.13199942041493268,0.1790524851768005,0.1887292705627273,-0.08990290999843956,0.2839322566254556,-0.09415111290811523,0.15769752169453516
-47.13453669407488,-0.7269440411857768,0.0040287752264448265,0.485582774356898,0.39295870139129196,0.47753740329036004,0.29692439075081123,0.5625821067020248,0.18820476199568087,0.37073784693258305,0.11803360375094508,0.03863033393478818
-47.313644341190326,-0.6505925442410021,0.35313554717541507,0.2363186108348565,0.41907601345778056,0.3641778521482392,0.4731476475757292,0.47491023037837843,-0.28866930019582593,0.4249851246530856,-0.2344247092419084,-0.00041204355799875914
-47.023038552025874,-1.1105999093668897,-0.021347551473370432,0.23840311216979793,-0.021066937506243513,0.3174376314547478,0.0912640601544438,0.08191635989566581,0.14259727296594837,-0.06856833369253332,0.006220858020637043,-0.02424590098135589
-46.910467574721935,-0.6120607937316007,0.029242636868823377,0.2732508873045161,0.02254405849455035,0.31427692432090815,0.2249072622194525,0.0277157443345176,-0.1589660092420347,-0.00834972135383235,-0.11758666160886365,-0.09304380975167822
-47.35639517492455,-0.6814435095794138,0.20629157693939348,0.13573015941648806,0.35168910229708766,0.3247480162336306,0.10411547868796792,0.09005687873802831,0.07292944199275635,0.19144785132427167,0.18899570943862168,0.06203567174257624
-47.29821018989264,-0.8522652960654146,-0.036904055198033914,0.028546172040376523,0.2607351403640285,0.20746790412864538,0.11701169239129892,0.30021025690944564,0.14824072559250934,-0.024031371733896856,-0.18120400041250298,0.09580938928415417
-47.06160405056216,-1.1357178682911198,0.13087880755286993,0.41618836412545324,0.31548382349118564,0.31790762510577203,0.20488862484610468,0.23749592063691474,0.18646220791228224,0.17698880255970323,0.031125289625859257,-0.12214105922079142
-46.629654185688466,-0.8038362955107425,-0.08353968822099037,0.18435146931746066,0.3034980097194805,-0.016961778552950328,0.29072264050098284,0.0993958116897661,0.2239859998413758,0.17650207804271661,-0.003093927123705696,0.10995300927321187
-47.003335047066074,-0.9032787093972108,0.0644976240414779,0.4025515724770922,0.24377480744702418,0.0790335769195343,0.2725954718274919,0.18467693057946222,0.35718216421219495,0.27913118255412933,-0.1501281324342147,0.04827890428570521
-46.709863748661114,-0.7616527358208782,0.17132502826449356,0.4233455879247744,0.3267212806095091,0.6037602187649687,0.16856173485473253,0.45507205408762363,0.05526680608399251,0.2545606735984306,0.375743127110965,0.06623725505921743
-47.033527683942545,-0.9331422966735612,0.1839521316682782,0.17591331065335994,0.2253326168521935,0.35315838046941095,0.2108078893866074,0.5523377119163458,-0.16163836828773326,0.345277487862268,-0.1639357118522333,0.05322005527872853
-46.946205766319515,-0.6516836037936562,0.2928829851474102,0.6361453727408147,0.48755061379848164,0.46084493025874146,0.26892503478657515,0.298289718575046,0.10933916678738577,0.30287699645108745,-0.10916143640924617,-0.021355867941136614
-46.74510831630449,-0.5390910069829882,0.3217986941711496,-0.06377821477697869,0.18954622958878498,-0.1380929765102315,-0.3603802462446909,0.23648907467380506,0.05115145609924496,0.3650186608119945,0.04439643227490234,0.05771804747178219
-46.3102714082662,-0.5924137929973162,0.1435885963348591,0.4464207592167494,0.012525348786589313,0.2020533232810525,0.13383182881668315,0.13453109931177612,0.4477085166045547,0.3117866776133646,0.24786289528373845,0.006224916239844502
-46.843054077285316,-0.5923483087277166,-0.2627967633256627,0.422559191971408,0.4647830329823996,0.13910069992025398,0.1393740938417058,0.2990207873770706,0.1231522350921854,0.4148571165947084,-0.09365378765720696,0.027458155408114415
